Game_ID,Game_Name,Publishers,Free,Price,Genres,Categories,Release_date,Total_reviews,Positive_review,Negative_review,review_score,review_score_desc
730,Counter-Strike 2,['Valve'],True,0.0,"['Action', 'Free To Play']","['Multi-player', 'Cross-Platform Multiplayer', 'Steam Trading Cards', 'Steam Workshop', 'In-App Purchases', 'Adjustable Text Size', 'Camera Comfort', 'Color Alternatives', 'Custom Volume Controls', 'Playable without Timed Input', 'Stereo Sound', 'Surround Sound', 'Valve Anti-Cheat enabled', 'Stats', 'Remote Play on Phone', 'Remote Play on Tablet', 'Remote Play on TV', 'Steam Timeline']","21 Aug, 2012",9696279,8348847,1347432,8.0,Very Positive
2694490,Path of Exile 2,['Grinding Gear Games'],False,798.0,"['Action', 'Adventure', 'Massively Multiplayer', 'RPG', 'Early Access']","['Single-player', 'Multi-player', 'MMO', 'Co-op', 'Online Co-op', 'Full controller support', 'DualShock Controller Support', 'DualShock Controller Support', 'DualShock Controller Support', 'DualShock Controller Support', 'HDR available']","6 Dec, 2024",221020,164177,56843,6.0,Mostly Positive
3405690,EA SPORTS FC™ 26,['Electronic Arts'],False,109.8,"['Simulation', 'Sports']","['Single-player', 'Multi-player', 'PvP', 'Online PvP', 'Shared/Split Screen PvP', 'Co-op', 'Online Co-op', 'Shared/Split Screen Co-op', 'Shared/Split Screen', 'Cross-Platform Multiplayer', 'Steam Achievements', 'Full controller support', 'In-App Purchases', 'Chat Speech-to-text', 'Adjustable Difficulty', 'Keyboard Only Option', 'DualShock Controller Support', 'DualShock Controller Support', 'DualShock Controller Support', 'Stereo Sound', 'Subtitle Options', 'HDR available']","25 Sep, 2025",83035,40365,42670,5.0,Mixed
3595230,Call of Duty®: Modern Warfare® II,['Activision'],False,244.9,['Action'],"['Single-player', 'Multi-player', 'PvP', 'Online PvP', 'Co-op', 'Online Co-op', 'Cross-Platform Multiplayer', 'Steam Achievements', 'Full controller support', 'Captions available', 'In-App Purchases']","22 Oct, 2022",19472,8253,11219,5.0,Mixed
8930,Sid Meier's Civilization® V,"['2K', 'Aspyr (Mac)', 'Aspyr (Linux)']",False,139.75,['Strategy'],"['Single-player', 'Multi-player', 'Steam Achievements', 'Steam Trading Cards', 'Steam Cloud', 'Remote Play on Tablet', 'Family Sharing']","23 Sep, 2010",209958,200716,9242,9.0,Overwhelmingly Positive
252490,Rust,['Facepunch Studios'],False,399.5,"['Action', 'Adventure', 'Indie', 'Massively Multiplayer', 'RPG']","['Multi-player', 'MMO', 'PvP', 'Online PvP', 'Co-op', 'Online Co-op', 'Cross-Platform Multiplayer', 'Steam Achievements', 'Steam Trading Cards', 'Steam Workshop', 'In-App Purchases', 'Adjustable Text Size', 'Camera Comfort', 'Color Alternatives', 'Custom Volume Controls', 'Adjustable Difficulty', 'Stereo Sound', 'Subtitle Options', 'Surround Sound', 'Valve Anti-Cheat enabled', 'Stats', 'Remote Play on Tablet']","8 Feb, 2018",1376521,1195830,180691,8.0,Very Positive
2246340,Monster Hunter Wilds,"['CAPCOM Co., Ltd.']",False,835.8,"['Action', 'Adventure', 'RPG']","['Single-player', 'Multi-player', 'Co-op', 'Online Co-op', 'Cross-Platform Multiplayer', 'Steam Achievements', 'Full controller support', 'Steam Trading Cards', 'Adjustable Text Size', 'Camera Comfort', 'Color Alternatives', 'Custom Volume Controls', 'Keyboard Only Option', 'DualShock Controller Support', 'DualShock Controller Support', 'Steam Input API Support', 'Stereo Sound', 'Subtitle Options', 'Surround Sound', 'Steam Cloud', 'HDR available', 'Family Sharing']","27 Feb, 2025",323103,157515,165588,5.0,Mixed
2183900,"Warhammer 40,000: Space Marine 2",['Focus Entertainment'],False,447.0,"['Action', 'Adventure', 'RPG']","['Single-player', 'Multi-player', 'PvP', 'Online PvP', 'Co-op', 'Online Co-op', 'Cross-Platform Multiplayer', 'Steam Achievements', 'Full controller support', 'Steam Trading Cards', 'Adjustable Text Size', 'Camera Comfort', 'Color Alternatives', 'Custom Volume Controls', 'Adjustable Difficulty', 'DualShock Controller Support', 'DualShock Controller Support', 'DualShock Controller Support', 'Stereo Sound', 'Subtitle Options', 'Surround Sound', 'Steam Cloud', 'Family Sharing']","9 Sep, 2024",216060,181126,34934,8.0,Very Positive
3419430,Bongo Cat,['Irox Games'],True,0.0,"['Casual', 'Indie', 'Massively Multiplayer', 'Simulation', 'Free To Play']","['Single-player', 'Multi-player', 'Co-op', 'Online Co-op', 'Steam Achievements', 'DualShock Controller Support', 'DualShock Controller Support', 'DualShock Controller Support', 'DualShock Controller Support', 'Partial Controller Support', 'Stats', 'Family Sharing']","5 Mar, 2025",105050,101474,3576,9.0,Overwhelmingly Positive
1868140,DAVE THE DIVER,['MINTROCKET'],False,200.0,"['Adventure', 'Casual', 'RPG', 'Simulation']","['Single-player', 'Steam Achievements', 'Full controller support', 'Steam Trading Cards', 'DualShock Controller Support', 'DualShock Controller Support', 'DualShock Controller Support', 'DualShock Controller Support', 'Steam Cloud', 'Family Sharing']","28 Jun, 2023",155967,150690,5277,9.0,Overwhelmingly Positive
3321460,Crimson Desert,['Pearl Abyss'],False,1990.0,"['Action', 'Adventure']","['Single-player', 'Steam Achievements', 'Full controller support', 'Custom Volume Controls', 'Gamepad Recommended', 'DualShock Controller Support', 'Save Anytime', 'Stereo Sound', 'Subtitle Options', 'Surround Sound', 'Steam Cloud', 'HDR available', 'Family Sharing']","19 Mar, 2026",162351,136357,25994,8.0,Very Positive
1874880,Arma Reforger,['Bohemia Interactive'],False,769.3,"['Action', 'Simulation', 'Strategy']","['Single-player', 'Multi-player', 'PvP', 'Online PvP', 'Co-op', 'Online Co-op', 'Cross-Platform Multiplayer', 'Steam Achievements', 'Full controller support', 'Captions available', 'Steam Cloud']","16 Nov, 2023",53146,42251,10895,6.0,Mostly Positive
2676230,FiveM,,False,0.0,[],[],,326,300,26,8.0,Very Positive
2252570,Football Manager 2024,['SEGA'],False,0.0,"['Simulation', 'Sports', 'Strategy']","['Single-player', 'Multi-player', 'Steam Achievements', 'Steam Cloud', 'Family Sharing']","6 Nov, 2023",28224,25842,2382,8.0,Very Positive
3164500,Schedule I,['TVGS'],False,240.0,"['Action', 'Indie', 'Simulation', 'Strategy', 'Early Access']","['Single-player', 'Multi-player', 'Co-op', 'Online Co-op', 'Steam Achievements', 'Adjustable Text Size', 'Camera Comfort', 'Custom Volume Controls', 'Playable without Timed Input', 'Save Anytime', 'Stereo Sound', 'Steam Cloud', 'Family Sharing']","24 Mar, 2025",305013,298418,6595,9.0,Overwhelmingly Positive
1771300,Kingdom Come: Deliverance II,['Deep Silver'],False,569.44,"['Action', 'Adventure', 'RPG']","['Single-player', 'Steam Achievements', 'Full controller support', 'Steam Trading Cards', 'Custom Volume Controls', 'Playable without Timed Input', 'DualShock Controller Support', 'DualShock Controller Support', 'DualShock Controller Support', 'Stereo Sound', 'Surround Sound', 'Steam Cloud', 'Family Sharing']","4 Feb, 2025",186710,175543,11167,8.0,Very Positive
281990,Stellaris,['Paradox Interactive'],False,407.7,"['Simulation', 'Strategy']","['Single-player', 'Multi-player', 'Cross-Platform Multiplayer', 'Steam Achievements', 'Steam Trading Cards', 'Steam Workshop', 'Steam Cloud', 'Family Sharing']","9 May, 2016",195537,167824,27713,8.0,Very Positive
3527290,PEAK,"['Aggro Crab', 'Evil Landfall?']",False,98.58,"['Action', 'Adventure', 'Indie']","['Single-player', 'Multi-player', 'Co-op', 'Online Co-op', 'Steam Achievements', 'Full controller support', 'Steam Trading Cards', 'DualShock Controller Support', 'DualShock Controller Support', 'DualShock Controller Support', 'DualShock Controller Support', 'Family Sharing']","16 Jun, 2025",333426,315718,17708,8.0,Very Positive
629520,Soundpad,['Leppsoft'],False,92.0,"['Audio Production', 'Utilities']",['Family Sharing'],"30 Sep, 2017",102220,98113,4107,9.0,Overwhelmingly Positive
3932890,Escape from Tarkov,['Battlestate Games'],False,487.5,"['Action', 'Massively Multiplayer', 'RPG', 'Simulation']","['Multi-player', 'MMO', 'PvP', 'Online PvP', 'Co-op', 'Online Co-op', 'Steam Achievements', 'Steam Trading Cards', 'In-App Purchases', 'Camera Comfort', 'Color Alternatives', 'Custom Volume Controls', 'Playable without Timed Input', 'Stereo Sound', 'Surround Sound']","15 Nov, 2025",55582,26873,28709,5.0,Mixed
582660,Black Desert,['Pearl Abyss'],False,60.0,"['Action', 'Adventure', 'Massively Multiplayer', 'RPG', 'Strategy']","['Multi-player', 'MMO', 'PvP', 'Online PvP', 'Co-op', 'Online Co-op', 'Steam Trading Cards', 'In-App Purchases', 'Partial Controller Support']","5 Sep, 2023",93304,68664,24640,6.0,Mostly Positive
1818450,STALZONE,['EXBO'],True,0.0,"['Action', 'Adventure', 'Massively Multiplayer', 'RPG', 'Free To Play']","['Multi-player', 'MMO', 'PvP', 'Online PvP', 'Co-op', 'Online Co-op', 'Steam Achievements', 'In-App Purchases', 'Camera Comfort', 'Custom Volume Controls', 'Playable without Timed Input', 'Stereo Sound', 'Subtitle Options', 'Family Sharing']","9 Dec, 2022",101793,74056,27737,6.0,Mostly Positive
346110,ARK: Survival Evolved,"['Studio Wildcard', 'Snail Games USA']",False,207.9,"['Action', 'Adventure', 'Indie', 'Massively Multiplayer', 'RPG']","['Single-player', 'Multi-player', 'MMO', 'Co-op', 'Steam Achievements', 'Full controller support', 'Steam Workshop', 'Steam Cloud', 'Valve Anti-Cheat enabled', 'Includes level editor', 'Remote Play on Tablet', 'Family Sharing']","27 Aug, 2017",771156,642608,128548,8.0,Very Positive
813780,Age of Empires II: Definitive Edition,['Xbox Game Studios'],False,238.0,['Strategy'],"['Single-player', 'Multi-player', 'PvP', 'Online PvP', 'LAN PvP', 'Co-op', 'Online Co-op', 'LAN Co-op', 'Cross-Platform Multiplayer', 'Steam Achievements', 'Steam Trading Cards', 'Adjustable Text Size', 'Color Alternatives', 'Custom Volume Controls', 'Adjustable Difficulty', 'Mouse Only Option', 'Narrated Game Menus', 'Playable without Timed Input', 'Save Anytime', 'Steam Cloud', 'Includes level editor', 'Family Sharing']","14 Nov, 2019",179900,170776,9124,8.0,Very Positive
427520,Factorio,['Wube Software LTD.'],False,700.0,"['Casual', 'Indie', 'Simulation', 'Strategy']","['Single-player', 'Multi-player', 'Co-op', 'Online Co-op', 'LAN Co-op', 'Cross-Platform Multiplayer', 'Steam Achievements', 'Adjustable Text Size', 'Camera Comfort', 'Custom Volume Controls', 'Adjustable Difficulty', 'Playable without Timed Input', 'DualShock Controller Support', 'DualShock Controller Support', 'DualShock Controller Support', 'DualShock Controller Support', 'Save Anytime', 'Subtitle Options', 'Partial Controller Support', 'Steam Cloud', 'Includes level editor', 'Remote Play on Tablet', 'Family Sharing']","14 Aug, 2020",231466,225698,5768,9.0,Overwhelmingly Positive
240,Counter-Strike: Source,['Valve'],False,44.0,['Action'],"['Multi-player', 'Cross-Platform Multiplayer', 'Steam Achievements', 'Camera Comfort', 'Color Alternatives', 'Custom Volume Controls', 'Stereo Sound', 'Subtitle Options', 'Surround Sound', 'Steam Cloud', 'Valve Anti-Cheat enabled', 'Stats', 'Includes Source SDK', 'Family Sharing']","1 Nov, 2004",191968,184846,7122,9.0,Overwhelmingly Positive
1297900,Gothic 1 Remake,"['Alkimia Interactive', 'THQ Nordic']",False,1080.0,"['Action', 'RPG']","['Single-player', 'Steam Achievements', 'Full controller support', 'Steam Trading Cards', 'Camera Comfort', 'Custom Volume Controls', 'Adjustable Difficulty', 'Playable without Timed Input', 'DualShock Controller Support', 'DualShock Controller Support', 'Save Anytime', 'Stereo Sound', 'Subtitle Options', 'Surround Sound', 'Steam Cloud', 'Family Sharing']","5 Jun, 2026",32292,28749,3543,8.0,Very Positive
1905180,OBS Studio,['OBS Project'],True,0.0,"['Utilities', 'Video Production']",[],"21 Mar, 2022",53815,51244,2571,9.0,Overwhelmingly Positive
1326470,Sons Of The Forest,['Newnight '],False,177.0,"['Action', 'Adventure', 'Indie', 'Simulation']","['Single-player', 'Multi-player', 'Co-op', 'Online Co-op', 'Steam Achievements', 'Full controller support', 'DualShock Controller Support', 'DualShock Controller Support', 'DualShock Controller Support', 'DualShock Controller Support', 'Steam Cloud', 'Family Sharing']","22 Feb, 2024",311395,275247,36148,8.0,Very Positive
594650,Hunt: Showdown 1896,['Crytek'],False,247.6,['Action'],"['Multi-player', 'PvP', 'Online PvP', 'Co-op', 'Online Co-op', 'Steam Achievements', 'Full controller support', 'Steam Trading Cards', 'In-App Purchases', 'Steam Leaderboards', 'Remote Play on Tablet', 'Remote Play on TV']","27 Aug, 2019",274747,202502,72245,6.0,Mostly Positive
1671210,DELTARUNE,['tobyfox'],False,399.2,"['Indie', 'RPG']","['Single-player', 'Full controller support', 'DualShock Controller Support', 'DualShock Controller Support', 'DualShock Controller Support', 'Steam Cloud', 'Family Sharing']","4 Jun, 2025",115681,113625,2056,9.0,Overwhelmingly Positive
892970,Valheim,['Coffee Stain Publishing'],False,249.5,"['Action', 'Adventure', 'Indie', 'RPG', 'Early Access']","['Single-player', 'Multi-player', 'Co-op', 'Online Co-op', 'Full controller support', 'Camera Comfort', 'Custom Volume Controls', 'Adjustable Difficulty', 'Save Anytime', 'Stereo Sound', 'Steam Cloud', 'Remote Play on Tablet', 'Family Sharing']","2 Feb, 2021",536509,504390,32119,8.0,Very Positive
1361210,"Warhammer 40,000: Darktide",['Fatshark'],False,262.25,"['Action', 'Adventure', 'RPG']","['Multi-player', 'Co-op', 'Online Co-op', 'Cross-Platform Multiplayer', 'Steam Achievements', 'Captions available', 'In-App Purchases', 'Partial Controller Support', 'Family Sharing']","30 Nov, 2022",134990,96309,38681,6.0,Mostly Positive
1158310,Crusader Kings III,['Paradox Interactive'],False,407.7,"['RPG', 'Simulation', 'Strategy']","['Single-player', 'Multi-player', 'PvP', 'Online PvP', 'Steam Achievements', 'Steam Trading Cards', 'Steam Workshop', 'Adjustable Text Size', 'Camera Comfort', 'Custom Volume Controls', 'Adjustable Difficulty', 'Mouse Only Option', 'Playable without Timed Input', 'Save Anytime', 'Steam Cloud', 'Remote Play on Tablet', 'Family Sharing']","1 Sep, 2020",141012,127558,13454,8.0,Very Positive
252950,Rocket League®,['Psyonix LLC'],False,0.0,"['Action', 'Indie', 'Racing', 'Sports']","['Single-player', 'Multi-player', 'PvP', 'Online PvP', 'Shared/Split Screen PvP', 'Co-op', 'Online Co-op', 'Shared/Split Screen Co-op', 'Shared/Split Screen', 'Cross-Platform Multiplayer', 'Steam Achievements', 'Steam Trading Cards', 'Steam Workshop', 'Gamepad Recommended', 'DualShock Controller Support', 'DualShock Controller Support', 'Steam Input API Support', 'Partial Controller Support', 'Steam Cloud', 'Stats', 'Remote Play on Phone', 'Remote Play on Tablet', 'Remote Play on TV', 'Remote Play Together', 'Family Sharing']","6 Jul, 2015",579557,508128,71429,8.0,Very Positive
1665460,eFootball™,['KONAMI'],True,0.0,"['Simulation', 'Sports', 'Free To Play']","['Single-player', 'Multi-player', 'PvP', 'Online PvP', 'Shared/Split Screen PvP', 'Co-op', 'Online Co-op', 'Shared/Split Screen Co-op', 'Shared/Split Screen', 'Cross-Platform Multiplayer', 'In-App Purchases', 'Gamepad Recommended', 'Partial Controller Support', 'Family Sharing']","29 Sep, 2021",112012,56974,55038,5.0,Mixed
3472040,NBA 2K26,['2K'],False,250.6,['Sports'],"['Single-player', 'Multi-player', 'PvP', 'Online PvP', 'Shared/Split Screen PvP', 'Co-op', 'Online Co-op', 'Shared/Split Screen Co-op', 'Shared/Split Screen', 'Steam Achievements', 'In-App Purchases', 'Camera Comfort', 'Custom Volume Controls', 'Adjustable Difficulty', 'Gamepad Recommended', 'Keyboard Only Option', 'DualShock Controller Support', 'DualShock Controller Support', 'DualShock Controller Support', 'DualShock Controller Support', 'Stereo Sound', 'Surround Sound', 'Partial Controller Support', 'Steam Cloud', 'Remote Play Together', 'Family Sharing']","4 Sep, 2025",28709,18452,10257,5.0,Mixed
1431300,SAND: Raiders of Sophie,['tinyBuild'],False,204.61,"['Action', 'Adventure', 'Early Access']","['Multi-player', 'PvP', 'Online PvP', 'Steam Achievements', 'Family Sharing']","22 Jun, 2026",6239,3384,2855,5.0,Mixed
292030,The Witcher 3: Wild Hunt,['CD PROJEKT RED'],False,103.99,['RPG'],"['Single-player', 'Steam Achievements', 'Steam Trading Cards', 'Steam Workshop', 'Adjustable Text Size', 'Camera Comfort', 'Color Alternatives', 'Custom Volume Controls', 'Adjustable Difficulty', 'Playable without Timed Input', 'Save Anytime', 'Stereo Sound', 'Surround Sound', 'Partial Controller Support', 'Steam Cloud', 'Remote Play on Tablet', 'Remote Play on TV', 'HDR available', 'Family Sharing']","18 May, 2015",875198,846903,28295,9.0,Overwhelmingly Positive
1281930,tModLoader,"['Re-Logic', 'TML Team']",True,0.0,"['Action', 'Adventure', 'Indie', 'RPG', 'Free To Play']","['Single-player', 'Multi-player', 'PvP', 'Online PvP', 'Co-op', 'Online Co-op', 'Steam Workshop', 'Steam Cloud', 'Family Sharing']","16 May, 2020",372458,361778,10680,9.0,Overwhelmingly Positive
550,Left 4 Dead 2,['Valve'],False,44.0,['Action'],"['Single-player', 'Multi-player', 'PvP', 'Online PvP', 'Co-op', 'Online Co-op', 'Steam Achievements', 'Full controller support', 'Steam Trading Cards', 'Captions available', 'Steam Workshop', 'Camera Comfort', 'Color Alternatives', 'Custom Volume Controls', 'Adjustable Difficulty', 'Playable without Timed Input', 'DualShock Controller Support', 'DualShock Controller Support', 'DualShock Controller Support', 'DualShock Controller Support', 'Steam Input API Support', 'Stereo Sound', 'Surround Sound', 'Steam Cloud', 'Valve Anti-Cheat enabled', 'Stats', 'Includes Source SDK', 'Commentary available', 'Remote Play on Phone', 'Remote Play on Tablet', 'Remote Play on TV', 'Remote Play Together', 'Family Sharing', 'Steam Timeline']","16 Nov, 2009",1042211,1016440,25771,9.0,Overwhelmingly Positive
526870,Satisfactory,['Coffee Stain Publishing'],False,503.3,"['Adventure', 'Indie', 'Simulation', 'Strategy']","['Single-player', 'Multi-player', 'Co-op', 'Online Co-op', 'Cross-Platform Multiplayer', 'Steam Achievements', 'Adjustable Text Size', 'Camera Comfort', 'Color Alternatives', 'Custom Volume Controls', 'Adjustable Difficulty', 'Playable without Timed Input', 'DualShock Controller Support', 'DualShock Controller Support', 'DualShock Controller Support', 'DualShock Controller Support', 'Save Anytime', 'Stereo Sound', 'Surround Sound', 'Partial Controller Support', 'Steam Cloud', 'Remote Play on Tablet', 'Family Sharing']","10 Sep, 2024",274213,266693,7520,9.0,Overwhelmingly Positive
578080,PUBG: BATTLEGROUNDS,"['KRAFTON, Inc.']",True,0.0,"['Action', 'Adventure', 'Massively Multiplayer', 'Free To Play']","['Multi-player', 'PvP', 'Online PvP', 'Custom Volume Controls', 'Stereo Sound', 'Surround Sound', 'Partial Controller Support', 'Stats', 'Remote Play on Phone', 'Remote Play on Tablet', 'Family Sharing']","21 Dec, 2017",2727621,1647632,1079989,5.0,Mixed
284160,BeamNG.drive,['BeamNG'],False,396.0,"['Racing', 'Simulation', 'Early Access']","['Single-player', 'Steam Achievements', 'Steam Trading Cards', 'Camera Comfort', 'Custom Volume Controls', 'Keyboard Only Option', 'Playable without Timed Input', 'DualShock Controller Support', 'DualShock Controller Support', 'DualShock Controller Support', 'Stereo Sound', 'Surround Sound', 'Partial Controller Support', 'Steam Cloud', 'Includes level editor', 'Remote Play on Phone', 'Remote Play on Tablet', 'Remote Play Together', 'Family Sharing']","29 May, 2015",401987,391722,10265,9.0,Overwhelmingly Positive
2399830,ARK: Survival Ascended,"['Studio Wildcard', 'Snail Games USA']",False,407.5,"['Action', 'Adventure', 'Indie', 'Massively Multiplayer', 'RPG', 'Early Access']","['Single-player', 'Multi-player', 'MMO', 'PvP', 'Online PvP', 'LAN PvP', 'Co-op', 'Online Co-op', 'LAN Co-op', 'Shared/Split Screen Co-op', 'Shared/Split Screen', 'Cross-Platform Multiplayer', 'Steam Achievements', 'Full controller support', 'Includes level editor', 'Remote Play Together', 'Family Sharing']","25 Oct, 2023",108992,65937,43055,5.0,Mixed
261550,Mount & Blade II: Bannerlord,['TaleWorlds Entertainment'],False,599.6,"['Action', 'Indie', 'RPG', 'Simulation', 'Strategy']","['Single-player', 'Multi-player', 'PvP', 'Online PvP', 'Steam Achievements', 'Steam Trading Cards', 'Steam Workshop', 'Partial Controller Support', 'Steam Cloud', 'Includes level editor', 'Remote Play on Tablet', 'Family Sharing']","25 Oct, 2022",292191,256152,36039,8.0,Very Positive
1203220,NARAKA: BLADEPOINT,['NetEase Games '],True,0.0,"['Action', 'Adventure', 'Massively Multiplayer', 'Free To Play']","['Multi-player', 'PvP', 'Online PvP', 'Steam Achievements', 'Steam Trading Cards', 'In-App Purchases', 'Partial Controller Support', 'HDR available']","11 Aug, 2021",300785,220773,80012,6.0,Mostly Positive
1142710,Total War: WARHAMMER III,"['SEGA', 'Feral Interactive']",False,208.5,"['Action', 'Strategy']","['Single-player', 'Multi-player', 'PvP', 'Online PvP', 'LAN PvP', 'Co-op', 'Online Co-op', 'LAN Co-op', 'Steam Achievements', 'Steam Trading Cards', 'Camera Comfort', 'Color Alternatives', 'Custom Volume Controls', 'Adjustable Difficulty', 'Playable without Timed Input', 'Save Anytime', 'Stereo Sound', 'Surround Sound', 'Steam Cloud', 'Family Sharing']","16 Feb, 2022",145028,102574,42454,6.0,Mostly Positive
2344520,Diablo® IV,"['Blizzard Entertainment, Inc.']",False,1049.4,"['Action', 'Adventure', 'Casual', 'Massively Multiplayer', 'RPG']","['Single-player', 'Multi-player', 'PvP', 'Online PvP', 'Co-op', 'Online Co-op', 'Cross-Platform Multiplayer', 'Steam Achievements', 'Full controller support', 'In-App Purchases', 'Adjustable Text Size', 'Camera Comfort', 'Color Alternatives', 'Adjustable Difficulty', 'Keyboard Only Option', 'Mouse Only Option', 'Narrated Game Menus', 'Playable without Timed Input', 'DualShock Controller Support', 'DualShock Controller Support', 'DualShock Controller Support', 'Save Anytime', 'Stereo Sound', 'Subtitle Options']","17 Oct, 2023",73253,47744,25509,5.0,Mixed
289070,Sid Meier’s Civilization® VI,"['2K', 'Aspyr (Mac)', 'Aspyr (Linux)']",False,160.0,['Strategy'],"['Single-player', 'Multi-player', 'PvP', 'Online PvP', 'LAN PvP', 'Shared/Split Screen PvP', 'Shared/Split Screen', 'Cross-Platform Multiplayer', 'Steam Achievements', 'Steam Trading Cards', 'Steam Workshop', 'In-App Purchases', 'Steam Turn Notifications', 'Remote Play on Tablet', 'Remote Play Together', 'Family Sharing']","20 Oct, 2016",375582,323245,52337,8.0,Very Positive
1222670,The Sims™ 4,['Electronic Arts'],True,0.0,"['Adventure', 'Casual', 'Simulation', 'Free To Play']","['Single-player', 'Steam Trading Cards', 'In-App Purchases', 'Mouse Only Option', 'Playable without Timed Input', 'Save Anytime', 'Stereo Sound', 'Surround Sound', 'Remote Play on Tablet']","18 Jun, 2020",196605,169956,26649,8.0,Very Positive
489830,The Elder Scrolls V: Skyrim Special Edition,['Bethesda Softworks'],False,224.75,['RPG'],"['Single-player', 'Steam Achievements', 'Playable without Timed Input', 'Save Anytime', 'Stereo Sound', 'Surround Sound', 'Partial Controller Support', 'Steam Cloud', 'Remote Play on Phone', 'Remote Play on Tablet', 'Family Sharing']","27 Oct, 2016",369612,341505,28107,8.0,Very Positive
294100,RimWorld,['Ludeon Studios'],False,544.0,"['Indie', 'Simulation', 'Strategy']","['Single-player', 'Steam Workshop', 'Adjustable Text Size', 'Camera Comfort', 'Custom Volume Controls', 'Adjustable Difficulty', 'Mouse Only Option', 'Playable without Timed Input', 'Save Anytime', 'Partial Controller Support', 'Steam Cloud', 'Remote Play on Tablet', 'Family Sharing']","17 Oct, 2018",242014,236875,5139,9.0,Overwhelmingly Positive
108600,Project Zomboid,['The Indie Stone'],False,268.0,"['Indie', 'RPG', 'Simulation', 'Early Access']","['Single-player', 'Multi-player', 'PvP', 'Online PvP', 'Co-op', 'Online Co-op', 'Shared/Split Screen Co-op', 'Shared/Split Screen', 'Cross-Platform Multiplayer', 'Steam Trading Cards', 'Steam Workshop', 'Partial Controller Support', 'Steam Cloud', 'Remote Play Together', 'Family Sharing']","8 Nov, 2013",456958,429645,27313,8.0,Very Positive
1623730,Palworld,['Pocketpair'],False,413.0,"['Action', 'Adventure', 'Indie', 'RPG', 'Early Access']","['Single-player', 'Multi-player', 'Co-op', 'Online Co-op', 'Cross-Platform Multiplayer', 'Steam Achievements', 'Full controller support', 'Steam Trading Cards', 'Steam Workshop', 'DualShock Controller Support', 'DualShock Controller Support', 'DualShock Controller Support', 'DualShock Controller Support', 'Steam Cloud', 'Family Sharing']","18 Jan, 2024",424814,400531,24283,8.0,Very Positive
105600,Terraria,['Re-Logic'],False,110.0,"['Action', 'Adventure', 'Indie', 'RPG']","['Single-player', 'Multi-player', 'PvP', 'Online PvP', 'Co-op', 'Online Co-op', 'Steam Achievements', 'Full controller support', 'Steam Trading Cards', 'Steam Cloud', 'Remote Play on Phone', 'Remote Play on Tablet', 'Remote Play on TV', 'Family Sharing']","16 May, 2011",1533163,1493074,40089,9.0,Overwhelmingly Positive
322330,Don't Starve Together,['Klei Entertainment'],False,23.9,"['Action', 'Adventure', 'Indie', 'RPG', 'Simulation', 'Strategy']","['Single-player', 'Multi-player', 'PvP', 'Online PvP', 'LAN PvP', 'Co-op', 'Online Co-op', 'LAN Co-op', 'Full controller support', 'Steam Trading Cards', 'Steam Workshop', 'In-App Purchases', 'Adjustable Text Size', 'Camera Comfort', 'Color Alternatives', 'Custom Volume Controls', 'Adjustable Difficulty', 'Keyboard Only Option', 'Mouse Only Option', 'Playable without Timed Input', 'Save Anytime', 'Stereo Sound', 'Remote Play on Phone', 'Remote Play on Tablet', 'Remote Play on TV', 'Family Sharing']","21 Apr, 2016",536875,509891,26984,8.0,Very Positive
218620,PAYDAY 2,['Starbreeze Entertainment'],False,59.7,"['Action', 'RPG']","['Single-player', 'Multi-player', 'Co-op', 'Online Co-op', 'Steam Achievements', 'Full controller support', 'Tracked Controller Support', 'VR Supported', 'Steam Trading Cards', 'In-App Purchases', 'Camera Comfort', 'Custom Volume Controls', 'Adjustable Difficulty', 'Playable without Timed Input', 'Stereo Sound', 'Steam Cloud', 'Remote Play on Phone', 'Remote Play on Tablet', 'Remote Play on TV', 'Family Sharing']","13 Aug, 2013",673025,601207,71818,8.0,Very Positive
2073620,Arena Breakout: Infinite,['Morefun Studios'],True,0.0,"['Action', 'Adventure', 'Massively Multiplayer', 'RPG', 'Strategy', 'Free To Play']","['Multi-player', 'MMO', 'PvP', 'Online PvP', 'Co-op', 'Online Co-op', 'Steam Achievements', 'Steam Trading Cards', 'In-App Purchases', 'Family Sharing']","15 Sep, 2025",61686,45027,16659,6.0,Mostly Positive
4000,Garry's Mod,['Valve'],False,109.5,"['Casual', 'Indie', 'Simulation']","['Single-player', 'Multi-player', 'PvP', 'Online PvP', 'LAN PvP', 'Co-op', 'Online Co-op', 'LAN Co-op', 'Cross-Platform Multiplayer', 'Steam Achievements', 'Steam Trading Cards', 'Captions available', 'Steam Workshop', 'Color Alternatives', 'Custom Volume Controls', 'Adjustable Difficulty', 'Playable without Timed Input', 'Save Anytime', 'Stereo Sound', 'Steam Cloud', 'Valve Anti-Cheat enabled', 'Includes level editor', 'Includes Source SDK', 'Remote Play on Tablet', 'Family Sharing']","29 Nov, 2006",1246303,1207233,39070,9.0,Overwhelmingly Positive
553850,HELLDIVERS™ 2,['PlayStation Publishing LLC'],False,967.5,['Action'],"['Multi-player', 'Co-op', 'Online Co-op', 'Steam Achievements', 'In-App Purchases', 'Adjustable Text Size', 'Camera Comfort', 'Chat Speech-to-text', 'Chat Text-to-speech', 'Color Alternatives', 'Custom Volume Controls', 'Adjustable Difficulty', 'Narrated Game Menus', 'Playable without Timed Input', 'DualShock Controller Support', 'DualShock Controller Support', 'DualShock Controller Support', 'Stereo Sound', 'Subtitle Options', 'Surround Sound', 'Partial Controller Support', 'Family Sharing']","8 Feb, 2024",1148647,862804,285843,6.0,Mostly Positive
1245620,ELDEN RING,"['FromSoftware, Inc.', 'Bandai Namco Entertainment']",False,1790.0,"['Action', 'RPG']","['Single-player', 'Multi-player', 'PvP', 'Online PvP', 'Co-op', 'Online Co-op', 'Steam Achievements', 'Full controller support', 'Steam Trading Cards', 'Camera Comfort', 'Custom Volume Controls', 'Playable without Timed Input', 'Save Anytime', 'Stereo Sound', 'Surround Sound', 'Steam Cloud', 'Family Sharing']","24 Feb, 2022",1141254,1062138,79116,8.0,Very Positive
1174180,Red Dead Redemption 2,['Rockstar Games'],False,474.75,"['Action', 'Adventure']","['Single-player', 'Multi-player', 'PvP', 'Online PvP', 'Co-op', 'Online Co-op', 'Steam Achievements', 'In-App Purchases', 'Partial Controller Support', 'Remote Play on Phone', 'Remote Play on Tablet']","5 Dec, 2019",891070,823266,67804,8.0,Very Positive
1808500,ARC Raiders,['Embark Studios'],False,786.75,['Action'],"['Multi-player', 'PvP', 'Online PvP', 'Co-op', 'Online Co-op', 'Cross-Platform Multiplayer', 'Steam Achievements', 'Full controller support', 'In-App Purchases', 'DualShock Controller Support', 'DualShock Controller Support', 'DualShock Controller Support', 'DualShock Controller Support', 'Stats', 'Family Sharing']","30 Oct, 2025",405503,337330,68173,8.0,Very Positive
1973530,Limbus Company,['ProjectMoon'],True,0.0,['Free To Play'],"['Single-player', 'In-App Purchases', 'Family Sharing']","26 Feb, 2023",110906,97523,13383,8.0,Very Positive
3241660,R.E.P.O.,['semiwork'],False,129.35,"['Action', 'Early Access']","['Single-player', 'Multi-player', 'Co-op', 'Online Co-op', 'Camera Comfort', 'Custom Volume Controls', 'Playable without Timed Input', 'Stereo Sound', 'Steam Cloud', 'Family Sharing']","26 Feb, 2025",406573,390606,15967,9.0,Overwhelmingly Positive
1938090,Call of Duty®,['Activision'],False,0.0,['Action'],"['Single-player', 'Multi-player', 'PvP', 'Online PvP', 'Co-op', 'Online Co-op', 'Cross-Platform Multiplayer', 'Steam Achievements', 'Captions available', 'In-App Purchases', 'Adjustable Text Size', 'Camera Comfort', 'Color Alternatives', 'Custom Volume Controls', 'Playable without Timed Input', 'DualShock Controller Support', 'DualShock Controller Support', 'DualShock Controller Support', 'DualShock Controller Support', 'Steam Input API Support', 'Stereo Sound', 'Subtitle Options', 'Surround Sound', 'Partial Controller Support', 'HDR available']","27 Oct, 2022",775461,453663,321798,5.0,Mixed
2300320,Farming Simulator 25,['GIANTS Software'],False,584.25,['Simulation'],"['Single-player', 'Multi-player', 'Co-op', 'Online Co-op', 'Steam Achievements', 'Full controller support', 'DualShock Controller Support', 'DualShock Controller Support', 'Steam Cloud', 'Family Sharing']","12 Nov, 2024",54213,47080,7133,8.0,Very Positive
3551340,Football Manager 26,['SEGA'],False,895.0,"['Simulation', 'Sports', 'Strategy']","['Single-player', 'Multi-player', 'Steam Achievements', 'Full controller support', 'Steam Workshop', 'Adjustable Text Size', 'Playable without Timed Input', 'DualShock Controller Support', 'DualShock Controller Support', 'DualShock Controller Support', 'DualShock Controller Support', 'Save Anytime', 'Steam Cloud', 'Family Sharing']","4 Nov, 2025",33774,11461,22313,4.0,Mostly Negative
251570,7 Days to Die,['The Fun Pimps Entertainment LLC'],False,444.95,"['Action', 'Adventure', 'Indie', 'RPG', 'Simulation', 'Strategy']","['Single-player', 'Multi-player', 'PvP', 'Online PvP', 'LAN PvP', 'Co-op', 'Online Co-op', 'LAN Co-op', 'Cross-Platform Multiplayer', 'Steam Achievements', 'Full controller support', 'Steam Trading Cards', 'DualShock Controller Support', 'DualShock Controller Support', 'DualShock Controller Support', 'DualShock Controller Support', 'Includes level editor', 'Remote Play on Tablet', 'Remote Play on TV', 'Family Sharing']","25 Jul, 2024",401921,350005,51916,8.0,Very Positive
1366800,Crosshair X,['CenterPoint Gaming'],False,22.0,"['Action', 'Adventure', 'Indie', 'Software Training', 'Utilities']","['Captions available', 'Steam Workshop', 'DualShock Controller Support', 'DualShock Controller Support', 'DualShock Controller Support', 'DualShock Controller Support', 'Partial Controller Support', 'Steam Cloud']","17 Aug, 2020",43160,40303,2857,8.0,Very Positive
227300,Euro Truck Simulator 2,['SCS Software'],False,102.0,"['Indie', 'Simulation']","['Single-player', 'Multi-player', 'Co-op', 'Online Co-op', 'Steam Achievements', 'Steam Trading Cards', 'Steam Workshop', 'Camera Comfort', 'Custom Volume Controls', 'Adjustable Difficulty', 'Keyboard Only Option', 'Playable without Timed Input', 'Save Anytime', 'Steam Input API Support', 'Stereo Sound', 'Surround Sound', 'Partial Controller Support', 'Steam Cloud', 'Includes level editor', 'Remote Play on Phone', 'Remote Play on Tablet', 'Remote Play Together', 'Family Sharing']","12 Oct, 2012",927123,903504,23619,9.0,Overwhelmingly Positive
3678970,TBH: Task Bar Hero,['Nugem Studio'],True,0.0,"['Casual', 'Indie', 'RPG', 'Free To Play']","['Single-player', 'Steam Achievements', 'Custom Volume Controls', 'Mouse Only Option', 'Playable without Timed Input', 'Steam Cloud', 'Stats', 'Family Sharing']","27 May, 2026",36120,18654,17466,5.0,Mixed
438100,VRChat,['VRChat Inc.'],True,0.0,"['Adventure', 'Casual', 'Massively Multiplayer', 'Simulation', 'Sports', 'Free To Play', 'Early Access']","['Multi-player', 'MMO', 'PvP', 'Online PvP', 'Co-op', 'Online Co-op', 'Cross-Platform Multiplayer', 'Full controller support', 'Tracked Controller Support', 'VR Supported', 'In-App Purchases', 'DualShock Controller Support', 'DualShock Controller Support', 'DualShock Controller Support', 'DualShock Controller Support', 'Family Sharing']","1 Feb, 2017",264710,199077,65633,6.0,Mostly Positive
2807960,Battlefield™ 6,['Electronic Arts'],False,999.5,['Action'],"['Single-player', 'Multi-player', 'PvP', 'Online PvP', 'Cross-Platform Multiplayer', 'Steam Achievements', 'Full controller support', 'In-App Purchases', 'Camera Comfort', 'Chat Speech-to-text', 'Chat Text-to-speech', 'Color Alternatives', 'Custom Volume Controls', 'Adjustable Difficulty', 'Keyboard Only Option', 'Playable without Timed Input', 'DualShock Controller Support', 'DualShock Controller Support', 'DualShock Controller Support', 'Stereo Sound', 'Subtitle Options', 'Surround Sound', 'Steam Cloud', 'HDR available']","10 Oct, 2025",349028,226223,122805,5.0,Mixed
440,Team Fortress 2,['Valve'],True,0.0,"['Action', 'Free To Play']","['Multi-player', 'Cross-Platform Multiplayer', 'Steam Achievements', 'Steam Trading Cards', 'Captions available', 'Steam Workshop', 'In-App Purchases', 'Camera Comfort', 'Color Alternatives', 'Custom Volume Controls', 'Stereo Sound', 'Surround Sound', 'Partial Controller Support', 'Valve Anti-Cheat enabled', 'Stats', 'Includes level editor', 'Commentary available', 'Remote Play on Phone', 'Remote Play on Tablet']","10 Oct, 2007",1239454,1127625,111829,8.0,Very Positive
394360,Hearts of Iron IV,['Paradox Interactive'],False,271.8,"['Simulation', 'Strategy']","['Single-player', 'Multi-player', 'Co-op', 'Cross-Platform Multiplayer', 'Steam Achievements', 'Steam Trading Cards', 'Steam Workshop', 'Steam Cloud', 'Remote Play on Tablet', 'Family Sharing']","6 Jun, 2016",370499,333810,36689,8.0,Very Positive
2483190,Forza Horizon 6,['Xbox Game Studios'],False,1999.0,"['Racing', 'Simulation', 'Sports']","['Single-player', 'Multi-player', 'PvP', 'Online PvP', 'Co-op', 'Online Co-op', 'Steam Achievements', 'Full controller support', 'Steam Trading Cards', 'Chat Text-to-speech', 'Color Alternatives', 'Custom Volume Controls', 'Adjustable Difficulty', 'Gamepad Recommended', 'Keyboard Only Option', 'Playable without Timed Input', 'Stereo Sound', 'Surround Sound', 'HDR available', 'Family Sharing']","18 May, 2026",84990,71206,13784,8.0,Very Positive
221100,DayZ,['Bohemia Interactive'],False,749.5,"['Action', 'Adventure', 'Massively Multiplayer']","['Multi-player', 'MMO', 'PvP', 'Online PvP', 'Co-op', 'Online Co-op', 'Steam Achievements', 'Steam Trading Cards', 'Steam Workshop', 'Steam Cloud', 'Valve Anti-Cheat enabled']","13 Dec, 2018",464106,360720,103386,6.0,Mostly Positive
1086940,Baldur's Gate 3,['Larian Studios'],False,1349.25,"['Adventure', 'RPG', 'Strategy']","['Single-player', 'Multi-player', 'Co-op', 'Online Co-op', 'LAN Co-op', 'Cross-Platform Multiplayer', 'Steam Achievements', 'Full controller support', 'Steam Trading Cards', 'Adjustable Text Size', 'Camera Comfort', 'Color Alternatives', 'Custom Volume Controls', 'Adjustable Difficulty', 'Playable without Timed Input', 'DualShock Controller Support', 'DualShock Controller Support', 'DualShock Controller Support', 'DualShock Controller Support', 'Save Anytime', 'Stereo Sound', 'Subtitle Options', 'Surround Sound', 'Steam Cloud', 'Remote Play on TV', 'Remote Play Together', 'Family Sharing']","3 Aug, 2023",845324,818235,27089,9.0,Overwhelmingly Positive
230410,Warframe,['Digital Extremes'],True,0.0,"['Action', 'RPG', 'Free To Play']","['Single-player', 'Multi-player', 'Co-op', 'Online Co-op', 'Cross-Platform Multiplayer', 'Steam Achievements', 'Full controller support', 'Steam Trading Cards', 'Steam Workshop', 'In-App Purchases', 'Camera Comfort', 'Color Alternatives', 'Custom Volume Controls', 'Playable without Timed Input', 'DualShock Controller Support', 'DualShock Controller Support', 'DualShock Controller Support', 'DualShock Controller Support', 'Steam Input API Support', 'Stereo Sound', 'Surround Sound', 'Remote Play on Phone', 'Remote Play on Tablet', 'Remote Play on TV', 'HDR available']","25 Mar, 2013",668360,586379,81981,8.0,Very Positive
359550,Tom Clancy's Rainbow Six Siege,['Ubisoft'],True,0.0,"['Action', 'Free To Play']","['Single-player', 'Multi-player', 'PvP', 'Online PvP', 'Co-op', 'Online Co-op', 'Full controller support', 'Steam Trading Cards', 'In-App Purchases', 'DualShock Controller Support', 'DualShock Controller Support', 'DualShock Controller Support', 'DualShock Controller Support', 'Remote Play on Phone', 'Remote Play on Tablet']","1 Dec, 2015",1527582,1257365,270217,8.0,Very Positive
413150,Stardew Valley,['ConcernedApe'],False,189.0,"['Indie', 'RPG', 'Simulation']","['Single-player', 'Multi-player', 'Co-op', 'Online Co-op', 'LAN Co-op', 'Shared/Split Screen Co-op', 'Shared/Split Screen', 'Steam Achievements', 'Full controller support', 'Steam Trading Cards', 'Steam Cloud', 'Remote Play on Phone', 'Remote Play on Tablet', 'Remote Play Together', 'Family Sharing']","26 Feb, 2016",1018428,1002918,15510,9.0,Overwhelmingly Positive
2357570,Overwatch®,"['Blizzard Entertainment, Inc.']",True,0.0,"['Action', 'Free To Play']","['Multi-player', 'PvP', 'Online PvP', 'Co-op', 'Online Co-op', 'Cross-Platform Multiplayer', 'Steam Achievements', 'Full controller support', 'In-App Purchases', 'Adjustable Text Size', 'Camera Comfort', 'Chat Speech-to-text', 'Chat Text-to-speech', 'Color Alternatives', 'Custom Volume Controls', 'Playable without Timed Input', 'DualShock Controller Support', 'DualShock Controller Support', 'DualShock Controller Support', 'Stereo Sound', 'Subtitle Options', 'Surround Sound']","10 Aug, 2023",410066,126023,284043,4.0,Mostly Negative
2868840,Slay the Spire 2,['Mega Crit'],False,499.0,"['Indie', 'Strategy', 'Early Access']","['Single-player', 'Multi-player', 'Co-op', 'Online Co-op', 'Full controller support', 'Custom Volume Controls', 'Mouse Only Option', 'Playable without Timed Input', 'DualShock Controller Support', 'Save Anytime', 'Steam Input API Support', 'Steam Cloud', 'Stats', 'Steam Leaderboards', 'Family Sharing']","5 Mar, 2026",185962,112446,73516,5.0,Mixed
2507950,Delta Force,['TiMi Studio Group'],True,0.0,"['Action', 'Adventure', 'Massively Multiplayer', 'Free To Play']","['Single-player', 'Multi-player', 'MMO', 'PvP', 'Online PvP', 'Co-op', 'Online Co-op', 'Cross-Platform Multiplayer', 'Steam Achievements', 'Full controller support', 'Steam Trading Cards', 'In-App Purchases', 'DualShock Controller Support', 'DualShock Controller Support', 'Family Sharing']","4 Dec, 2024",187557,108863,78694,5.0,Mixed
236390,War Thunder,['Gaijin Network Ltd'],True,0.0,"['Action', 'Massively Multiplayer', 'Simulation', 'Free To Play']","['Single-player', 'Multi-player', 'MMO', 'PvP', 'Online PvP', 'Co-op', 'Online Co-op', 'Cross-Platform Multiplayer', 'Steam Achievements', 'Full controller support', 'VR Supported', 'Steam Trading Cards', 'In-App Purchases', 'Adjustable Text Size', 'Camera Comfort', 'Color Alternatives', 'Custom Volume Controls', 'Playable without Timed Input', 'DualShock Controller Support', 'DualShock Controller Support', 'Steam Input API Support', 'Stereo Sound', 'Surround Sound', 'Remote Play on Phone', 'Remote Play on Tablet']","15 Aug, 2013",763853,545592,218261,6.0,Mostly Positive
1091500,Cyberpunk 2077,['CD PROJEKT RED'],False,539.7,['RPG'],"['Single-player', 'Steam Achievements', 'Full controller support', 'Steam Trading Cards', 'Adjustable Text Size', 'Camera Comfort', 'Color Alternatives', 'Custom Volume Controls', 'Adjustable Difficulty', 'Playable without Timed Input', 'DualShock Controller Support', 'DualShock Controller Support', 'DualShock Controller Support', 'Save Anytime', 'Stereo Sound', 'Subtitle Options', 'Surround Sound', 'Steam Cloud', 'HDR available', 'Family Sharing']","9 Dec, 2020",950854,823053,127801,8.0,Very Positive
322170,Geometry Dash,['RobTop Games'],False,57.5,"['Action', 'Indie']","['Single-player', 'Steam Achievements', 'Steam Trading Cards', 'Partial Controller Support', 'Includes level editor', 'Remote Play on Phone', 'Remote Play on Tablet', 'Family Sharing']","22 Dec, 2014",614600,571878,42722,8.0,Very Positive
1085660,Destiny 2,['Bungie'],True,0.0,"['Action', 'Adventure', 'Free To Play']","['Single-player', 'Multi-player', 'PvP', 'Online PvP', 'Co-op', 'Online Co-op', 'Steam Achievements', 'In-App Purchases', 'Color Alternatives', 'Custom Volume Controls', 'DualShock Controller Support', 'DualShock Controller Support', 'Subtitle Options', 'Partial Controller Support', 'Family Sharing']","1 Oct, 2019",658309,516029,142280,6.0,Mostly Positive
570,Dota 2,['Valve'],True,0.0,"['Action', 'Strategy', 'Free To Play']","['Multi-player', 'Co-op', 'Steam Trading Cards', 'Steam Workshop', 'SteamVR Collectibles', 'In-App Purchases', 'Camera Comfort', 'Color Alternatives', 'Custom Volume Controls', 'Valve Anti-Cheat enabled', 'Steam Timeline']","9 Jul, 2013",2732985,2205418,527567,8.0,Very Positive
431960,Wallpaper Engine,['Wallpaper Engine Team'],False,92.0,"['Casual', 'Indie', 'Animation & Modeling', 'Design & Illustration', 'Photo Editing', 'Utilities']","['Steam Achievements', 'Steam Trading Cards', 'Steam Workshop', 'Steam Workshop', 'Includes level editor']","16 Nov, 2018",998041,974536,23505,9.0,Overwhelmingly Positive
1172470,Apex Legends™,['Electronic Arts'],True,0.0,"['Action', 'Adventure', 'Free To Play']","['Multi-player', 'PvP', 'Online PvP', 'Co-op', 'Online Co-op', 'Steam Achievements', 'Full controller support', 'Steam Trading Cards', 'In-App Purchases', 'Chat Speech-to-text', 'Playable without Timed Input', 'DualShock Controller Support', 'DualShock Controller Support', 'DualShock Controller Support']","4 Nov, 2020",1056013,714852,341161,5.0,Mixed
3240220,Grand Theft Auto V Enhanced,['Rockstar Games'],False,479.5,"['Action', 'Adventure', 'Racing']","['Single-player', 'Multi-player', 'PvP', 'Online PvP', 'Co-op', 'Online Co-op', 'Steam Achievements', 'In-App Purchases', 'DualShock Controller Support', 'DualShock Controller Support', 'Partial Controller Support', 'Remote Play on Phone', 'Remote Play on Tablet']","4 Mar, 2025",195223,161767,33456,8.0,Very Positive
2767030,Marvel Rivals,['NetEase Games'],True,0.0,"['Action', 'Free To Play']","['Multi-player', 'PvP', 'Online PvP', 'Co-op', 'Online Co-op', 'Cross-Platform Multiplayer', 'Steam Achievements', 'Full controller support', 'In-App Purchases', 'DualShock Controller Support', 'DualShock Controller Support', 'DualShock Controller Support', 'DualShock Controller Support', 'Family Sharing']","5 Dec, 2024",396840,302301,94539,6.0,Mostly Positive
271590,Grand Theft Auto V Legacy,['Rockstar Games'],False,0.0,"['Action', 'Adventure']","['Single-player', 'Multi-player', 'PvP', 'Online PvP', 'Co-op', 'Online Co-op', 'Steam Achievements', 'Full controller support', 'Remote Play on Phone', 'Remote Play on Tablet', 'Remote Play on TV']","13 Apr, 2015",2065667,1810399,255268,8.0,Very Positive
250900,The Binding of Isaac: Rebirth,"['Nicalis, Inc.']",False,23.9,['Action'],"['Single-player', 'Multi-player', 'Shared/Split Screen', 'Steam Achievements', 'Full controller support', 'Steam Trading Cards', 'Steam Cloud', 'Remote Play on TV', 'Remote Play Together', 'Family Sharing']","4 Nov, 2014",407177,395333,11844,9.0,Overwhelmingly Positive
381210,Dead by Daylight,['Behaviour Interactive Inc.'],False,159.6,['Action'],"['Multi-player', 'PvP', 'Online PvP', 'Co-op', 'Online Co-op', 'Cross-Platform Multiplayer', 'Steam Achievements', 'Full controller support', 'Steam Trading Cards', 'Color Alternatives', 'Custom Volume Controls', 'Steam Input API Support', 'Stereo Sound', 'Subtitle Options', 'Surround Sound', 'Steam Cloud', 'Remote Play on Phone', 'Remote Play on Tablet', 'Remote Play on TV', 'Family Sharing']","14 Jun, 2016",913808,717010,196798,6.0,Mostly Positive
2050650,Resident Evil 4,"['CAPCOM Co., Ltd.']",False,272.5,"['Action', 'Adventure']","['Single-player', 'Steam Achievements', 'Full controller support', 'Steam Trading Cards', 'Steam Cloud', 'HDR available', 'Family Sharing']","23 Mar, 2023",262659,255601,7058,9.0,Overwhelmingly Positive
4128580,BidKing,['Elegoose Games'],False,47.0,"['Casual', 'Indie', 'Massively Multiplayer', 'Simulation', 'Sports', 'Strategy']","['Multi-player', 'MMO', 'PvP', 'Online PvP', 'In-App Purchases', 'Custom Volume Controls', 'Mouse Only Option', 'Playable without Timed Input', 'Save Anytime', 'Touch Only Option', 'Family Sharing']","15 Apr, 2026",22314,7508,14806,4.0,Mostly Negative
457140,Oxygen Not Included,['Klei Entertainment'],False,95.7,"['Indie', 'Simulation']","['Single-player', 'Steam Trading Cards', 'Family Sharing']","30 Jul, 2019",142152,137523,4629,9.0,Overwhelmingly Positive
2584990,Shadowverse: Worlds Beyond,"['Cygames, Inc.']",True,0.0,"['Casual', 'RPG', 'Strategy', 'Free To Play']","['Single-player', 'Multi-player', 'PvP', 'Online PvP', 'Cross-Platform Multiplayer', 'Steam Achievements', 'In-App Purchases', 'Adjustable Text Size', 'Camera Comfort', 'Custom Volume Controls', 'Playable without Timed Input', 'DualShock Controller Support', 'DualShock Controller Support', 'DualShock Controller Support', 'DualShock Controller Support', 'Stereo Sound', 'Partial Controller Support', 'Family Sharing']","14 Jun, 2025",24049,7042,17007,4.0,Mostly Negative
838350,The Scroll of Taiwu : Beyond The Dome,['ConchShip Games'],False,439.2,"['Adventure', 'Casual', 'Indie', 'RPG', 'Strategy']","['Single-player', 'Steam Achievements', 'Steam Workshop', 'Remote Play on Tablet', 'Family Sharing']","16 Jun, 2026",68774,45383,23391,5.0,Mixed
1364780,Street Fighter™ 6,"['CAPCOM Co., Ltd.']",False,565.0,"['Action', 'Adventure']","['Single-player', 'Multi-player', 'PvP', 'Online PvP', 'Shared/Split Screen PvP', 'Shared/Split Screen', 'Cross-Platform Multiplayer', 'Steam Achievements', 'Steam Trading Cards', 'In-App Purchases', 'Camera Comfort', 'Custom Volume Controls', 'Adjustable Difficulty', 'Keyboard Only Option', 'Save Anytime', 'Stereo Sound', 'Surround Sound', 'Partial Controller Support', 'Steam Cloud', 'Family Sharing']","1 Jun, 2023",76507,63271,13236,8.0,Very Positive
2622380,ELDEN RING NIGHTREIGN,"['FromSoftware, Inc.', 'Bandai Namco Entertainment']",False,892.5,"['Action', 'RPG']","['Single-player', 'Multi-player', 'Co-op', 'Online Co-op', 'Steam Achievements', 'Full controller support', 'Camera Comfort', 'Custom Volume Controls', 'Gamepad Recommended', 'Playable without Timed Input', 'DualShock Controller Support', 'DualShock Controller Support', 'DualShock Controller Support', 'DualShock Controller Support', 'Steam Input API Support', 'Stereo Sound', 'Surround Sound', 'Steam Cloud', 'Family Sharing']","29 May, 2025",186493,152584,33909,8.0,Very Positive
582010,Monster Hunter: World,"['CAPCOM Co., Ltd.']",False,210.6,['Action'],"['Single-player', 'Multi-player', 'Co-op', 'Steam Achievements', 'Steam Trading Cards', 'Adjustable Text Size', 'Camera Comfort', 'Custom Volume Controls', 'Keyboard Only Option', 'Stereo Sound', 'Surround Sound', 'Partial Controller Support', 'Steam Cloud', 'Stats', 'Steam Leaderboards', 'Remote Play on Tablet', 'HDR available', 'Family Sharing']","8 Aug, 2018",512131,454602,57529,8.0,Very Positive
3564740,Where Winds Meet,['NetEase Games'],True,0.0,"['Action', 'Adventure', 'RPG', 'Free To Play']","['Single-player', 'Multi-player', 'PvP', 'Online PvP', 'Co-op', 'Online Co-op', 'Cross-Platform Multiplayer', 'Steam Achievements', 'Full controller support', 'In-App Purchases', 'DualShock Controller Support', 'DualShock Controller Support', 'DualShock Controller Support', 'DualShock Controller Support', 'Family Sharing']","14 Nov, 2025",111595,96669,14926,8.0,Very Positive
393380,Squad,['Offworld'],False,409.08,"['Action', 'Indie', 'Massively Multiplayer', 'Strategy']","['Multi-player', 'PvP', 'Online PvP', 'Co-op', 'Online Co-op', 'Steam Trading Cards', 'Steam Workshop', 'Partial Controller Support', 'Valve Anti-Cheat enabled']","23 Sep, 2020",239586,194546,45040,8.0,Very Positive
766570,Russian Fishing 4,['FishSoft LLC'],True,0.0,"['Adventure', 'Casual', 'Massively Multiplayer', 'RPG', 'Simulation', 'Sports', 'Free To Play']","['Single-player', 'Multi-player', 'MMO', 'PvP', 'Online PvP', 'Steam Achievements', 'In-App Purchases', 'Stats', 'Family Sharing']","10 Nov, 2021",87817,52465,35352,5.0,Mixed
376210,The Isle,['Afterthought LLC'],False,268.0,"['Action', 'Adventure', 'Indie', 'Massively Multiplayer', 'Simulation', 'Early Access']","['Multi-player', 'MMO', 'PvP', 'Online PvP', 'Partial Controller Support', 'Valve Anti-Cheat enabled']","1 Dec, 2015",115227,92317,22910,8.0,Very Positive
3513350,Wuthering Waves,['KURO GAMES'],True,0.0,"['Action', 'Adventure', 'RPG', 'Free To Play']","['Single-player', 'In-App Purchases', 'DualShock Controller Support', 'DualShock Controller Support', 'DualShock Controller Support', 'Partial Controller Support', 'Family Sharing']","28 Apr, 2025",51154,45160,5994,8.0,Very Positive
365670,Blender,['Blender Foundation'],True,0.0,"['Animation & Modeling', 'Design & Illustration', 'Video Production']",[],"24 Apr, 2015",88607,85083,3524,9.0,Overwhelmingly Positive
447040,Watch_Dogs® 2,['Ubisoft'],False,80.0,"['Action', 'Adventure']","['Single-player', 'Multi-player', 'Co-op', 'Steam Achievements', 'In-App Purchases', 'Partial Controller Support']","28 Nov, 2016",95266,78371,16895,8.0,Very Positive
2923300,Banana,['Banana Game'],True,0.0,"['Adventure', 'Casual', 'Indie', 'Simulation', 'Strategy', 'Free To Play']","['Single-player', 'Steam Achievements', 'Steam Trading Cards', 'Steam Workshop', 'Steam Workshop', 'In-App Purchases', 'Steam Cloud', 'Stats', 'Steam Leaderboards', 'Family Sharing']","23 Apr, 2024",96655,79110,17545,8.0,Very Positive
304930,Unturned,['Smartly Dressed Games'],True,0.0,"['Action', 'Adventure', 'Casual', 'Indie', 'Free To Play']","['Single-player', 'Multi-player', 'PvP', 'Online PvP', 'LAN PvP', 'Co-op', 'Online Co-op', 'LAN Co-op', 'Steam Achievements', 'Steam Trading Cards', 'Steam Workshop', 'In-App Purchases', 'Camera Comfort', 'Custom Volume Controls', 'Adjustable Difficulty', 'Playable without Timed Input', 'Stereo Sound', 'Steam Cloud', 'Valve Anti-Cheat enabled', 'Stats', 'Includes level editor', 'Remote Play on Tablet', 'Family Sharing']","7 Jul, 2017",563785,513180,50605,8.0,Very Positive
960090,Bloons TD 6,['Ninja Kiwi'],False,45.8,['Strategy'],"['Single-player', 'Multi-player', 'Co-op', 'Online Co-op', 'Steam Achievements', 'In-App Purchases', 'Remote Play on Phone', 'Remote Play on Tablet', 'Family Sharing']","17 Dec, 2018",390185,379209,10976,9.0,Overwhelmingly Positive
2073850,THE FINALS,['Embark Studios'],True,0.0,"['Action', 'Free To Play']","['Multi-player', 'PvP', 'Online PvP', 'Co-op', 'Online Co-op', 'Cross-Platform Multiplayer', 'Steam Achievements', 'Full controller support', 'In-App Purchases', 'DualShock Controller Support', 'DualShock Controller Support', 'DualShock Controller Support', 'DualShock Controller Support', 'Family Sharing']","7 Dec, 2023",270775,212036,58739,6.0,Mostly Positive
